{
  "paragraphs": [
    {
      "text": "%define\n\npackage model.v1\n\nimport org.insightedge.scala.annotation._\nimport scala.beans.{BeanProperty, BooleanBeanProperty}\n\ncase class UberRecord(\n    @BeanProperty\n    @SpaceId(autoGenerate\u003dtrue)\n    var id: java.lang.String,\n\n    @BeanProperty\n    var latitude: java.lang.Double,\n\n    @BeanProperty\n    var longitude: java.lang.Double,\n\n    @BeanProperty\n    var base: java.lang.Integer,\n\n    @BeanProperty\n    var weekday : java.lang.Integer,\n\n    @BeanProperty\n    var day: java.lang.Integer,\n\n    @BeanProperty\n    var month: java.lang.Integer,\n\n    @BeanProperty\n    var year: java.lang.Integer,\n\n    @BeanProperty\n    var hour : java.lang.Integer,\n\n    @BeanProperty\n    var isWeekend: java.lang.Integer,\n\n    @BeanProperty\n    var isHoliday : java.lang.Integer,\n\n    @BeanProperty\n    var demand : java.lang.Integer\n    ) {\n\n  def this() \u003d this(null,null,null,null,null,null,null,null,null,null,null,null)\n\n}",
      "user": "anonymous",
      "dateUpdated": "2019-06-10 22:26:37.093",
      "config": {
        "colWidth": 12.0,
        "fontSize": 9.0,
        "enabled": true,
        "results": {},
        "editorSetting": {
          "language": "scala",
          "editOnDblClick": false,
          "completionKey": "TAB",
          "completionSupport": true
        },
        "editorMode": "ace/mode/scala"
      },
      "settings": {
        "params": {},
        "forms": {}
      },
      "results": {
        "code": "SUCCESS",
        "msg": [
          {
            "type": "TEXT",
            "data": "res0: org.apache.zeppelin.dep.Dependency \u003d org.apache.zeppelin.dep.Dependency@134f9de6\n"
          }
        ]
      },
      "apps": [],
      "jobName": "paragraph_1560194755610_669535096",
      "id": "20190610-222555_2019886918",
      "dateCreated": "2019-06-10 22:25:55.610",
      "dateStarted": "2019-06-10 22:41:03.222",
      "dateFinished": "2019-06-10 22:41:29.127",
      "status": "FINISHED",
      "progressUpdateIntervalMs": 500
    },
    {
      "text": "%spark\nimport org.insightedge.spark.implicits.all._\nimport org.insightedge.spark.context.InsightEdgeConfig\nimport model.v1._\n\nsc.grid.getTypeManager().registerTypeDescriptor(classOf[UberRecord])\n",
      "user": "anonymous",
      "dateUpdated": "2019-06-10 22:27:07.700",
      "config": {
        "colWidth": 12.0,
        "fontSize": 9.0,
        "enabled": true,
        "results": {},
        "editorSetting": {
          "language": "scala",
          "editOnDblClick": false,
          "completionKey": "TAB",
          "completionSupport": true
        },
        "editorMode": "ace/mode/scala",
        "editorHide": false
      },
      "settings": {
        "params": {},
        "forms": {}
      },
      "results": {
        "code": "SUCCESS",
        "msg": [
          {
            "type": "TEXT",
            "data": "2019-06-10 22:41:45,048 CONFIG [com.gigaspaces.logger] - Log file: /home/ori/Downloads/gigaspaces-insightedge-enterprise-14.2.0-ga-b20400/logs/2019-06-10~22.41-gigaspaces-service-127.0.1.1-13780.log\nimport org.insightedge.spark.implicits.all._\nimport org.insightedge.spark.context.InsightEdgeConfig\nimport model.v1._\n"
          }
        ]
      },
      "apps": [],
      "jobName": "paragraph_1560194813360_-51056936",
      "id": "20190610-222653_275234580",
      "dateCreated": "2019-06-10 22:26:53.360",
      "dateStarted": "2019-06-10 22:41:29.171",
      "dateFinished": "2019-06-10 22:41:46.940",
      "status": "FINISHED",
      "progressUpdateIntervalMs": 500
    },
    {
      "text": "%pyspark\nfrom pyspark.sql import SparkSession\nfrom pyspark.sql.types import *\n\n# create pyspark.sql.SparkSession\nspark \u003d SparkSession.builder.getOrCreate()\n\n# load uber train records dataset from file\nfilePath \u003d \"/usr/local/full_train.csv\"\ndf \u003d spark.read.csv(filePath, header\u003dTrue, inferSchema\u003dTrue)\n# save DataFrame to the grid\ndf.write.format(\"org.apache.spark.sql.insightedge\").mode(\"overwrite\").save(\"model.v1.UberRecord\")\n",
      "user": "anonymous",
      "dateUpdated": "2019-06-10 23:06:27.984",
      "config": {
        "colWidth": 12.0,
        "fontSize": 9.0,
        "enabled": true,
        "results": {},
        "editorSetting": {
          "language": "python",
          "editOnDblClick": false,
          "completionKey": "TAB",
          "completionSupport": true
        },
        "editorMode": "ace/mode/python",
        "editorHide": false
      },
      "settings": {
        "params": {},
        "forms": {}
      },
      "apps": [],
      "jobName": "paragraph_1560197112667_186670123",
      "id": "20190610-230512_772399889",
      "dateCreated": "2019-06-10 23:05:12.667",
      "status": "READY",
      "progressUpdateIntervalMs": 500
    }
  ],
  "name": "TryApi1",
  "id": "2ECMPZPUD",
  "noteParams": {},
  "noteForms": {},
  "angularObjects": {
    "spark:shared_process": []
  },
  "config": {
    "isZeppelinNotebookCronEnable": false
  },
  "info": {}
}